<?xml version="1.0" encoding="UTF-8"?>
<metadata><idinfo><citation><citeinfo><pubdate>20201231</pubdate><title>MapPLUTO_21v1_clipped</title><geoform>vector digital data</geoform></citeinfo></citation><descript><abstract>This dataset represents a compilation of data from various government agencies throughout the City of New York. The underlying geography is derived from the Tax Lot Polygon feature class that is part of the Department of Finance's Digital Tax Map (DTM). The tax lots have been clipped to the shoreline, as defined by NYCMap planimetric features. The attribute information is from the Department of City Planning's PLUTO data. The attribute data pertains to tax lot and building characteristics and geographic, political and administrative information for each tax lot in New York City.The Tax Lot Polygon feature class and PLUTO are derived from different sources. As a result, some PLUTO records do not have a corresponding tax lot in the Tax Lot polygon feature class at the time of release. These records are included in a separate non-geographic PLUTO Only table. There are a number of reasons why there can be a tax lot in PLUTO that does not match the DTM; the most common reason is that the various source files are maintained by different departments and divisions with varying update cycles and criteria for adding and removing records. The attribute definitions for the PLUTO Only table are the same as those for MapPLUTO. DCP Mapping Lots includes some features that are not on the tax maps. They have been added by DCP for cartographic purposes. They include street center 'malls', traffic islands and some built streets through parks. These features have very few associated attributes.To report problems, please open a GitHub issue or email DCPOpendata@planning.nyc.gov.DATES OF INPUT DATASETS:Department of City Planning - E-Designations: 2/5/2021Department of City Planning - Zoning Map Index: 7/31/2019Department of City Planning - NYC City Owned and Leased Properties: 11/15/2020Department of City Planning - NYC GIS Zoning Features: 2/5/2021Department of City Planning - Polictical and Administrative Districts: 11/17/2020Department of City Planning - Geosupport version 20D: 11/17/2020Department of Finance - Digital Tax Map: 1/30/2021Department of Finance - Mass Appraisal System (CAMA): 2/10/2021Department of Finance - Property Tax System (PTS): 2/6/2021Landmarks Preservation Commission - Historic Districts: 2/4/2021Landmarks Preservation Commission - Individual Landmarks: 2/4/2021Department of Information Telecommunications &amp; Technology - Building Footprints: 2/10/2021Department of Parks and Recreation - GreenThumb Garden Info: 1/4/2021</abstract><purpose>MapPLUTO contains extensive land use and geographic data at the tax lot level. MapPLUTO has over seventy data fields containing three basic types of data: tax lot characteristics, building characteristics, and geographic/political/administrative districts. This version is clipped to the shoreline and does not contain lots completely or partially underwater.</purpose></descript><spdom><bounding><westbc>-74.257326</westbc><eastbc>-73.699384</eastbc><northbc>40.915477</northbc><southbc>40.495793</southbc></bounding></spdom><keywords><theme><themekt>None</themekt><themekey>Tax Lot</themekey><themekey>Parcels</themekey><themekey>DTM</themekey><themekey>PLUTO</themekey><themekey>MapPLUTO</themekey><themekey>Boundaries</themekey><themekey>boundaries</themekey></theme></keywords><accconst>None</accconst><useconst>MapPLUTO is being provided by the Department of City Planning (DCP) on DCP's website for informational purposes only. DCP does not warranty the completeness, accuracy, content, or fitness for any particular purpose or use of MapPLUTO, nor are any such warranties to be implied or inferred with respect to MapPLUTO as furnished on the website. DCP and the City are not liable for any deficiencies in the completeness, accuracy, content, or fitness for any particular purpose or use of MapPLUTO, or applications utilizing MapPLUTO, provided by any third party.</useconst><datacred>NYC Department of City Planning, Information Technology Division</datacred><native> Version 6.2 (Build 9200) ; Esri ArcGIS 10.6.0.8321</native></idinfo><spdoinfo><direct>Vector</direct><ptvctinf><esriterm Name="FRESH_Stores"><efeatyp Sync="TRUE">Simple</efeatyp><efeageom code="1" Sync="TRUE"></efeageom><esritopo Sync="TRUE">FALSE</esritopo><efeacnt Sync="TRUE">0</efeacnt><spindex Sync="TRUE">FALSE</spindex><linrefer Sync="TRUE">FALSE</linrefer></esriterm></ptvctinf></spdoinfo><spref><horizsys><planar><planci><plance>coordinate pair</plance><coordrep><absres>0.000030480370641307</absres><ordres>0.000030480370641307</ordres></coordrep><plandu>foot_us</plandu></planci></planar><geodetic><horizdn>D North American 1983</horizdn><ellips>GRS 1980</ellips><semiaxis>6378137.0</semiaxis><denflat>298.257222101</denflat></geodetic></horizsys></spref><eainfo><detailed Name="FRESH_Stores"><enttyp><enttypl>GISPROD.SDE.MapPLUTO</enttypl><enttypt Sync="TRUE">Feature Class</enttypt><enttypc Sync="TRUE">0</enttypc></enttyp><attr><attrlabl Sync="TRUE">FID</attrlabl><attalias Sync="TRUE">FID</attalias><attrtype Sync="TRUE">OID</attrtype><attwidth Sync="TRUE">4</attwidth><atprecis Sync="TRUE">0</atprecis><attscale Sync="TRUE">0</attscale><attrdef Sync="TRUE">Internal feature number.</attrdef><attrdefs Sync="TRUE">Esri</attrdefs><attrdomv><udom Sync="TRUE">Sequential unique whole numbers that are automatically generated.</udom></attrdomv></attr><attr><attrlabl>Shape</attrlabl><attrdef>Feature geometry.</attrdef><attrdefs>ESRI</attrdefs><attrdomv><udom>Coordinates defining the features.</udom></attrdomv><attalias Sync="TRUE">Shape</attalias><attrtype Sync="TRUE">Geometry</attrtype><attwidth Sync="TRUE">0</attwidth><atprecis Sync="TRUE">0</atprecis><attscale Sync="TRUE">0</attscale></attr><attr><attrlabl Sync="TRUE">ProjectID</attrlabl><attalias Sync="TRUE">ProjectID</attalias><attrtype Sync="TRUE">String</attrtype><attwidth Sync="TRUE">50</attwidth><atprecis Sync="TRUE">0</atprecis><attscale Sync="TRUE">0</attscale></attr><attr><attrlabl Sync="TRUE">ProjectI_1</attrlabl><attalias Sync="TRUE">ProjectI_1</attalias><attrtype Sync="TRUE">String</attrtype><attwidth Sync="TRUE">254</attwidth><atprecis Sync="TRUE">0</atprecis><attscale Sync="TRUE">0</attscale></attr><attr><attrlabl>Address</attrlabl><attrdef>An address for the tax lot.

Tax lots may be assigned a single house number on a street, a range of house numbers on a street, or addresses on multiple streets. ADDRESS contains the address in PTS, using the low number when there is a range of house numbers. Some tax lots, such as vacant lots or parks, have only a street name and no house number. 

The general format is house number or low house number, if there is a house number range, and a space followed by a street name

A complete list of the addresses assigned to a tax lot is available through Geosupport or by downloading the Property Address Directory (PAD) from Bytes of the Big AppleTM. 

Most house numbers in Queens contain a hyphen.

</attrdef><attrdefs>Department of Finance - Property Tax System (PTS)</attrdefs><attalias Sync="TRUE">Address</attalias><attrtype Sync="TRUE">String</attrtype><attwidth Sync="TRUE">254</attwidth><atprecis Sync="TRUE">0</atprecis><attscale Sync="TRUE">0</attscale></attr><attr><attrlabl>BBL</attrlabl><attrdef>A concatenation of the borough code, tax block and tax lot.

This field consists of the borough code followed by the tax block followed by the tax lot.  The borough code is one numeric digit.  The tax block is one to five numeric digits, preceded with leading zeros when the block is less than five digits.  The tax lot is one to four digits and is preceded with leading zeros when the lot is less than four digits.

For condominiums, the BBL is for the billing lot. See TAX LOT for more information on how condominiums are handled.

Examples:

Manhattan Borough Code 1, Tax Block 16, Tax Lot 100 would be stored as 1000160100.
Brooklyn Borough Code 3, Tax Block 15828, Tax Lot 7501 would be stored as 3158287501.
</attrdef><attrdefs>Department of City Planning - based on data from: Department of Finance - Property Tax System (PTS)</attrdefs><attalias Sync="TRUE">BBL</attalias><attrtype Sync="TRUE">Double</attrtype><attwidth Sync="TRUE">19</attwidth><atprecis Sync="TRUE">0</atprecis><attscale Sync="TRUE">0</attscale></attr><attr><attrlabl Sync="TRUE">Status</attrlabl><attalias Sync="TRUE">Status</attalias><attrtype Sync="TRUE">String</attrtype><attwidth Sync="TRUE">254</attwidth><atprecis Sync="TRUE">0</atprecis><attscale Sync="TRUE">0</attscale></attr><attr><attrlabl Sync="TRUE">ReCert</attrlabl><attalias Sync="TRUE">ReCert</attalias><attrtype Sync="TRUE">String</attrtype><attwidth Sync="TRUE">254</attwidth><atprecis Sync="TRUE">0</atprecis><attscale Sync="TRUE">0</attscale></attr><attr><attrlabl Sync="TRUE">TotalSF</attrlabl><attalias Sync="TRUE">TotalSF</attalias><attrtype Sync="TRUE">String</attrtype><attwidth Sync="TRUE">254</attwidth><atprecis Sync="TRUE">0</atprecis><attscale Sync="TRUE">0</attscale></attr><attr><attrlabl Sync="TRUE">ReallctdSF</attrlabl><attalias Sync="TRUE">ReallctdSF</attalias><attrtype Sync="TRUE">String</attrtype><attwidth Sync="TRUE">254</attwidth><atprecis Sync="TRUE">0</atprecis><attscale Sync="TRUE">0</attscale></attr><attr><attrlabl Sync="TRUE">RlctdStat</attrlabl><attalias Sync="TRUE">RlctdStat</attalias><attrtype Sync="TRUE">String</attrtype><attwidth Sync="TRUE">254</attwidth><atprecis Sync="TRUE">0</atprecis><attscale Sync="TRUE">0</attscale></attr><attr><attrlabl Sync="TRUE">PreCrtStrt</attrlabl><attalias Sync="TRUE">PreCrtStrt</attalias><attrtype Sync="TRUE">Date</attrtype><attwidth Sync="TRUE">8</attwidth><atprecis Sync="TRUE">0</atprecis><attscale Sync="TRUE">0</attscale></attr><attr><attrlabl Sync="TRUE">Certified</attrlabl><attalias Sync="TRUE">Certified</attalias><attrtype Sync="TRUE">Date</attrtype><attwidth Sync="TRUE">8</attwidth><atprecis Sync="TRUE">0</atprecis><attscale Sync="TRUE">0</attscale></attr><attr><attrlabl Sync="TRUE">DoBLetter</attrlabl><attalias Sync="TRUE">DoBLetter</attalias><attrtype Sync="TRUE">Date</attrtype><attwidth Sync="TRUE">8</attwidth><atprecis Sync="TRUE">0</atprecis><attscale Sync="TRUE">0</attscale></attr><attr><attrlabl Sync="TRUE">DoBFiled</attrlabl><attalias Sync="TRUE">DoBFiled</attalias><attrtype Sync="TRUE">Date</attrtype><attwidth Sync="TRUE">8</attwidth><atprecis Sync="TRUE">0</atprecis><attscale Sync="TRUE">0</attscale></attr><attr><attrlabl Sync="TRUE">DoBPermit</attrlabl><attalias Sync="TRUE">DoBPermit</attalias><attrtype Sync="TRUE">Date</attrtype><attwidth Sync="TRUE">8</attwidth><atprecis Sync="TRUE">0</atprecis><attscale Sync="TRUE">0</attscale></attr><attr><attrlabl Sync="TRUE">DoBCO</attrlabl><attalias Sync="TRUE">DoBCO</attalias><attrtype Sync="TRUE">Date</attrtype><attwidth Sync="TRUE">8</attwidth><atprecis Sync="TRUE">0</atprecis><attscale Sync="TRUE">0</attscale></attr><attr><attrlabl Sync="TRUE">DoBJobID</attrlabl><attalias Sync="TRUE">DoBJobID</attalias><attrtype Sync="TRUE">String</attrtype><attwidth Sync="TRUE">254</attwidth><atprecis Sync="TRUE">0</atprecis><attscale Sync="TRUE">0</attscale></attr><attr><attrlabl Sync="TRUE">CRFN</attrlabl><attalias Sync="TRUE">CRFN</attalias><attrtype Sync="TRUE">Double</attrtype><attwidth Sync="TRUE">19</attwidth><atprecis Sync="TRUE">0</atprecis><attscale Sync="TRUE">0</attscale></attr><attr><attrlabl Sync="TRUE">AddActions</attrlabl><attalias Sync="TRUE">AddActions</attalias><attrtype Sync="TRUE">String</attrtype><attwidth Sync="TRUE">254</attwidth><atprecis Sync="TRUE">0</atprecis><attscale Sync="TRUE">0</attscale></attr><attr><attrlabl Sync="TRUE">COwGrocery</attrlabl><attalias Sync="TRUE">COwGrocery</attalias><attrtype Sync="TRUE">Date</attrtype><attwidth Sync="TRUE">8</attwidth><atprecis Sync="TRUE">0</atprecis><attscale Sync="TRUE">0</attscale></attr><attr><attrlabl Sync="TRUE">CODescrptn</attrlabl><attalias Sync="TRUE">CODescrptn</attalias><attrtype Sync="TRUE">String</attrtype><attwidth Sync="TRUE">254</attwidth><atprecis Sync="TRUE">0</atprecis><attscale Sync="TRUE">0</attscale></attr><attr><attrlabl Sync="TRUE">ORIG_FID</attrlabl><attalias Sync="TRUE">ORIG_FID</attalias><attrtype Sync="TRUE">Integer</attrtype><attwidth Sync="TRUE">10</attwidth><atprecis Sync="TRUE">10</atprecis><attscale Sync="TRUE">0</attscale></attr></detailed></eainfo><metainfo><metd>20210226</metd><metstdn>FGDC Content Standard for Digital Geospatial Metadata</metstdn><metstdv>FGDC-STD-001-1998</metstdv><mettc>local time</mettc></metainfo><dataIdInfo><idPurp>MapPLUTO contains extensive land use and geographic data at the tax lot level. MapPLUTO has over seventy data fields containing three basic types of data: tax lot characteristics, building characteristics, and geographic/political/administrative districts. This version is clipped to the shoreline and does not contain lots completely or partially underwater.</idPurp><idAbs>&lt;DIV STYLE="text-align:Left;"&gt;&lt;DIV&gt;&lt;DIV&gt;&lt;P&gt;&lt;SPAN&gt;This dataset represents a compilation of data from various government agencies throughout the City of New York. The underlying geography is derived from the Tax Lot Polygon feature class that is part of the Department of Finance's Digital Tax Map (DTM). The tax lots have been clipped to the shoreline, as defined by NYCMap planimetric features. The attribute information is from the Department of City Planning's PLUTO data. The attribute data pertains to tax lot and building characteristics and geographic, political and administrative information for each tax lot in New York City.The Tax Lot Polygon feature class and PLUTO are derived from different sources. As a result, some PLUTO records do not have a corresponding tax lot in the Tax Lot polygon feature class at the time of release. These records are included in a separate non-geographic PLUTO Only table. There are a number of reasons why there can be a tax lot in PLUTO that does not match the DTM; the most common reason is that the various source files are maintained by different departments and divisions with varying update cycles and criteria for adding and removing records. The attribute definitions for the PLUTO Only table are the same as those for MapPLUTO. DCP Mapping Lots includes some features that are not on the tax maps. They have been added by DCP for cartographic purposes. They include street center 'malls', traffic islands and some built streets through parks. These features have very few associated attributes.To report problems, please open a GitHub issue or email DCPOpendata@planning.nyc.gov.&lt;/SPAN&gt;&lt;/P&gt;&lt;P&gt;&lt;SPAN&gt;DATES OF INPUT DATASETS:&lt;/SPAN&gt;&lt;/P&gt;&lt;UL&gt;&lt;LI&gt;&lt;P&gt;&lt;SPAN&gt;Department of City Planning - E-Designations: 2/5/2021&lt;/SPAN&gt;&lt;/P&gt;&lt;/LI&gt;&lt;LI&gt;&lt;P&gt;&lt;SPAN&gt;Department of City Planning - Zoning Map Index: 7/31/2019&lt;/SPAN&gt;&lt;/P&gt;&lt;/LI&gt;&lt;LI&gt;&lt;P&gt;&lt;SPAN&gt;Department of City Planning - NYC City Owned and Leased Properties: 11/15/2020&lt;/SPAN&gt;&lt;/P&gt;&lt;/LI&gt;&lt;LI&gt;&lt;P&gt;&lt;SPAN&gt;Department of City Planning - NYC GIS Zoning Features: 2/5/2021&lt;/SPAN&gt;&lt;/P&gt;&lt;/LI&gt;&lt;LI&gt;&lt;P&gt;&lt;SPAN&gt;Department of City Planning - Polictical and Administrative Districts: 11/17/2020&lt;/SPAN&gt;&lt;/P&gt;&lt;/LI&gt;&lt;LI&gt;&lt;P&gt;&lt;SPAN&gt;Department of City Planning - Geosupport version 20D: 11/17/2020&lt;/SPAN&gt;&lt;/P&gt;&lt;/LI&gt;&lt;LI&gt;&lt;P&gt;&lt;SPAN&gt;Department of Finance - Digital Tax Map: 1/30/2021&lt;/SPAN&gt;&lt;/P&gt;&lt;/LI&gt;&lt;LI&gt;&lt;P&gt;&lt;SPAN&gt;Department of Finance - Mass Appraisal System (CAMA): 2/10/2021&lt;/SPAN&gt;&lt;/P&gt;&lt;/LI&gt;&lt;LI&gt;&lt;P&gt;&lt;SPAN&gt;Department of Finance - Property Tax System (PTS): 2/6/2021&lt;/SPAN&gt;&lt;/P&gt;&lt;/LI&gt;&lt;LI&gt;&lt;P&gt;&lt;SPAN&gt;Landmarks Preservation Commission - Historic Districts: 2/4/2021&lt;/SPAN&gt;&lt;/P&gt;&lt;/LI&gt;&lt;LI&gt;&lt;P&gt;&lt;SPAN&gt;Landmarks Preservation Commission - Individual Landmarks: 2/4/2021&lt;/SPAN&gt;&lt;/P&gt;&lt;/LI&gt;&lt;LI&gt;&lt;P&gt;&lt;SPAN&gt;Department of Information Telecommunications &amp;amp; Technology - Building Footprints: 2/10/2021&lt;/SPAN&gt;&lt;/P&gt;&lt;/LI&gt;&lt;LI&gt;&lt;P&gt;&lt;SPAN&gt;Department of Parks and Recreation - GreenThumb Garden Info: 1/4/2021&lt;/SPAN&gt;&lt;/P&gt;&lt;/LI&gt;&lt;/UL&gt;&lt;/DIV&gt;&lt;/DIV&gt;&lt;/DIV&gt;</idAbs><idCredit>NYC Department of City Planning, Information Technology Division</idCredit><idCitation><resTitle>MapPLUTO_21v1_clipped</resTitle><presForm><PresFormCd value="005" Sync="TRUE"/></presForm></idCitation><searchKeys><keyword>Tax Lot</keyword><keyword>Parcels</keyword><keyword>DTM</keyword><keyword>PLUTO</keyword><keyword>MapPLUTO</keyword><keyword>boundaries</keyword></searchKeys><resConst><Consts><useLimit>&lt;DIV STYLE="text-align:Left;"&gt;&lt;DIV&gt;&lt;DIV&gt;&lt;P&gt;&lt;SPAN&gt;MapPLUTO is being provided by the Department of City Planning (DCP) on DCP's website for informational purposes only. DCP does not warranty the completeness, accuracy, content, or fitness for any particular purpose or use of MapPLUTO, nor are any such warranties to be implied or inferred with respect to MapPLUTO as furnished on the website. DCP and the City are not liable for any deficiencies in the completeness, accuracy, content, or fitness for any particular purpose or use of MapPLUTO, or applications utilizing MapPLUTO, provided by any third party.&lt;/SPAN&gt;&lt;/P&gt;&lt;/DIV&gt;&lt;/DIV&gt;&lt;/DIV&gt;</useLimit></Consts></resConst><envirDesc Sync="TRUE"> Version 6.2 (Build 9200) ; Esri ArcGIS 10.6.0.8321</envirDesc><dataLang><languageCode value="eng" Sync="TRUE"/><countryCode value="USA" Sync="TRUE"/></dataLang><spatRpType><SpatRepTypCd value="001" Sync="TRUE"/></spatRpType><dataExt><geoEle><GeoBndBox esriExtentType="search"><exTypeCode Sync="TRUE">1</exTypeCode><westBL Sync="TRUE">-74.257326</westBL><eastBL Sync="TRUE">-73.699384</eastBL><northBL Sync="TRUE">40.915477</northBL><southBL Sync="TRUE">40.495793</southBL></GeoBndBox></geoEle></dataExt></dataIdInfo><Esri><ModDate>20221004</ModDate><ModTime>12171300</ModTime><scaleRange><minScale>150000000</minScale><maxScale>5000</maxScale></scaleRange><ArcGISFormat>1.0</ArcGISFormat><ArcGISProfile>FGDC</ArcGISProfile><DataProperties><lineage><Process ToolSource="c:\program files (x86)\arcgis\desktop10.6\ArcToolbox\Toolboxes\Data Management Tools.tbx\RepairGeometry" Date="20210226" Time="130406">RepairGeometry C:\temp\MapPLUTO\21v1\fgdb\MapPLUTO_21v1.gdb\MapPLUTO_21v1_clipped DELETE_NULL</Process><Process ToolSource="c:\program files (x86)\arcgis\desktop10.6\ArcToolbox\Toolboxes\Data Management Tools.tbx\Copy" Date="20210226" Time="145832">Copy C:\Temp\MapPLUTO\21v1\fgdb\MapPLUTO_21v1.gdb\MapPLUTO_21v1_clipped G:\Connections\arcsdegis\sde@GISPROD.sde\GISPROD.SDE.MapPLUTO FeatureClass</Process><Process ToolSource="c:\program files (x86)\arcgis\desktop10.6\ArcToolbox\Toolboxes\Data Management Tools.tbx\CalculateField" Date="20210503" Time="115126">CalculateField FRESHZoningLots_ApprovedStores_20210503 ProjectID "2019X0152" VB #</Process><Process Name="Join Field" ToolSource="c:\program files (x86)\arcgis\desktop10.6\ArcToolbox\Toolboxes\Data Management Tools.tbx\JoinField" Date="20220623" Time="094058">JoinField "G:\01 Projects_active\FRESH\FRESH_Stores\FRESH_ZoningLot.shp" ProjectID "G:\01 Projects_active\FRESH\FRESH_Stores\FRESH_Projects.dbf" ProjectID BBL;Address;Status;ProjectID;ReCert;TotalSF;ReallctdSF;RlctdStat;PreCrtStrt;Certified;DoBLetter;DoBFiled;DoBPermit;DoBCO;DoBJobID;CRFN;AddActions;COwGrocery;CODescrptn</Process><Process Name="Join Field" ToolSource="c:\program files (x86)\arcgis\desktop10.6\ArcToolbox\Toolboxes\Data Management Tools.tbx\JoinField" Date="20221004" Time="101020">JoinField "G:\01 Projects_active\FRESH\FRESH_Stores\FRESH_ZoningLot.shp" ProjectID "G:\01 Projects_active\FRESH\FRESH_Stores\FRESH_Projects.dbf" ProjectID BBL;Address;Status;ProjectID;ReCert;TotalSF;ReallctdSF;RlctdStat;PreCrtStrt;Certified;DoBLetter;DoBFiled;DoBPermit;DoBCO;DoBJobID;CRFN;AddActions;COwGrocery;CODescrptn</Process><Process ToolSource="C:\Program Files (x86)\XTools\XTools Pro\Toolbox\XTools Pro.tbx\XToolsGP_DeleteMultipleFields" Date="20221004" Time="114846">XToolsGP_DeleteMultipleFields FRESH_ZoningLot ProjectI_1;Address;BBL;Status;ReCert;TotalSF;ReallctdSF;RlctdStat;PreCrtStrt;Certified;DoBLetter;DoBFiled;DoBPermit;DoBCO;DoBJobID;CRFN;AddActions;COwGrocery;CODescrptn;ProjectI_2;Address_1;BBL_1;Status_1;ReCert_1;TotalSF_1;Reallctd_1;RlctdSta_1;PreCrtSt_1;Certifie_1;DoBLette_1;DoBFiled_1;DoBPermi_1;DoBCO_1;DoBJobID_1;CRFN_1;AddActio_1;COwGroce_1;CODescrp_1</Process><Process Name="Copy" ToolSource="c:\program files (x86)\arcgis\desktop10.6\ArcToolbox\Toolboxes\Data Management Tools.tbx\Copy" Date="20221004" Time="121645">Copy "G:\01 Projects_active\FRESH\FRESH_Stores\FRESH_ZoningLot.shp" "G:\01 Projects_active\FRESH\FRESH_Stores\FRESH_ZoningLot_Characteristics.shp" ShapeFile</Process><Process Name="Join Field" ToolSource="c:\program files (x86)\arcgis\desktop10.6\ArcToolbox\Toolboxes\Data Management Tools.tbx\JoinField" Date="20221004" Time="121650">JoinField "G:\01 Projects_active\FRESH\FRESH_Stores\FRESH_ZoningLot_Characteristics.shp" ProjectID "G:\01 Projects_active\FRESH\FRESH_Stores\FRESH_Projects.dbf" ProjectID BBL;Address;Status;ProjectID;ReCert;TotalSF;ReallctdSF;RlctdStat;PreCrtStrt;Certified;DoBLetter;DoBFiled;DoBPermit;DoBCO;DoBJobID;CRFN;AddActions;COwGrocery;CODescrptn</Process><Process Name="Feature To Point" ToolSource="c:\program files (x86)\arcgis\desktop10.6\ArcToolbox\Toolboxes\Data Management Tools.tbx\FeatureToPoint" Date="20221004" Time="121713">FeatureToPoint "G:\01 Projects_active\FRESH\FRESH_Stores\FRESH_ZoningLot_Characteristics.shp" "G:\01 Projects_active\FRESH\FRESH_Stores\FRESH_Stores.shp" INSIDE</Process><Process Name="Add XY Coordinates" ToolSource="c:\program files (x86)\arcgis\desktop10.6\ArcToolbox\Toolboxes\Data Management Tools.tbx\AddXY" Date="20221004" Time="121718">AddXY "G:\01 Projects_active\FRESH\FRESH_Stores\FRESH_Stores.shp"</Process></lineage><itemProps><itemName Sync="TRUE">FRESH_Stores</itemName><imsContentType Sync="TRUE">002</imsContentType><nativeExtBox><westBL Sync="TRUE">913128.926360</westBL><eastBL Sync="TRUE">1067335.951293</eastBL><southBL Sync="TRUE">120048.985949</southBL><northBL Sync="TRUE">272811.183065</northBL><exTypeCode Sync="TRUE">1</exTypeCode></nativeExtBox><itemLocation><linkage Sync="TRUE">file://\\120BFS01\VOL2\DIVISION\HEIP\01 Projects_active\FRESH\FRESH_Stores\FRESH_Stores.shp</linkage><protocol Sync="TRUE">Local Area Network</protocol></itemLocation><itemSize Sync="TRUE">0.000</itemSize></itemProps><coordRef><type Sync="TRUE">Projected</type><geogcsn Sync="TRUE">GCS_North_American_1983</geogcsn><csUnits Sync="TRUE">Linear Unit: Foot_US (0.304801)</csUnits><projcsn Sync="TRUE">NAD_1983_StatePlane_New_York_Long_Island_FIPS_3104_Feet</projcsn><peXml Sync="TRUE">&lt;ProjectedCoordinateSystem xsi:type='typens:ProjectedCoordinateSystem' xmlns:xsi='http://www.w3.org/2001/XMLSchema-instance' xmlns:xs='http://www.w3.org/2001/XMLSchema' xmlns:typens='http://www.esri.com/schemas/ArcGIS/10.6'&gt;&lt;WKT&gt;PROJCS[&amp;quot;NAD_1983_StatePlane_New_York_Long_Island_FIPS_3104_Feet&amp;quot;,GEOGCS[&amp;quot;GCS_North_American_1983&amp;quot;,DATUM[&amp;quot;D_North_American_1983&amp;quot;,SPHEROID[&amp;quot;GRS_1980&amp;quot;,6378137.0,298.257222101]],PRIMEM[&amp;quot;Greenwich&amp;quot;,0.0],UNIT[&amp;quot;Degree&amp;quot;,0.0174532925199433]],PROJECTION[&amp;quot;Lambert_Conformal_Conic&amp;quot;],PARAMETER[&amp;quot;False_Easting&amp;quot;,984250.0],PARAMETER[&amp;quot;False_Northing&amp;quot;,0.0],PARAMETER[&amp;quot;Central_Meridian&amp;quot;,-74.0],PARAMETER[&amp;quot;Standard_Parallel_1&amp;quot;,40.66666666666666],PARAMETER[&amp;quot;Standard_Parallel_2&amp;quot;,41.03333333333333],PARAMETER[&amp;quot;Latitude_Of_Origin&amp;quot;,40.16666666666666],UNIT[&amp;quot;Foot_US&amp;quot;,0.3048006096012192],AUTHORITY[&amp;quot;EPSG&amp;quot;,2263]]&lt;/WKT&gt;&lt;XOrigin&gt;-120039300&lt;/XOrigin&gt;&lt;YOrigin&gt;-96540300&lt;/YOrigin&gt;&lt;XYScale&gt;37212589.015695661&lt;/XYScale&gt;&lt;ZOrigin&gt;-100000&lt;/ZOrigin&gt;&lt;ZScale&gt;10000&lt;/ZScale&gt;&lt;MOrigin&gt;-100000&lt;/MOrigin&gt;&lt;MScale&gt;10000&lt;/MScale&gt;&lt;XYTolerance&gt;0.0032808333333333331&lt;/XYTolerance&gt;&lt;ZTolerance&gt;0.001&lt;/ZTolerance&gt;&lt;MTolerance&gt;0.001&lt;/MTolerance&gt;&lt;HighPrecision&gt;true&lt;/HighPrecision&gt;&lt;WKID&gt;102718&lt;/WKID&gt;&lt;LatestWKID&gt;2263&lt;/LatestWKID&gt;&lt;/ProjectedCoordinateSystem&gt;</peXml></coordRef><copyHistory><copy source="G:\01 Projects_active\FRESH\FRESH_Stores\FRESH_ZoningLot" dest="\\120BFS01\VOL2\DIVISION\HEIP\01 Projects_active\FRESH\FRESH_Stores\FRESH_ZoningLot_Characteristics" date="20221004" time="12164500"></copy></copyHistory></DataProperties><SyncDate>20221004</SyncDate><SyncTime>12171300</SyncTime><CreaDate>20230404</CreaDate><CreaTime>09183900</CreaTime><ArcGISstyle>XTools Pro Metadata</ArcGISstyle><SyncOnce>FALSE</SyncOnce></Esri><mdHrLv><ScopeCd value="005"/></mdHrLv><mdLang><languageCode value="eng" Sync="TRUE"/><countryCode value="USA" Sync="TRUE"/></mdLang><distInfo><distFormat><formatName Sync="TRUE">Shapefile</formatName></distFormat><distTranOps><transSize Sync="TRUE">0.000</transSize></distTranOps></distInfo><mdHrLvName Sync="TRUE">dataset</mdHrLvName><refSysInfo><RefSystem><refSysID><identCode code="2263" Sync="TRUE"/><idCodeSpace Sync="TRUE">EPSG</idCodeSpace><idVersion Sync="TRUE">5.3(9.0.0)</idVersion></refSysID></RefSystem></refSysInfo><spatRepInfo><VectSpatRep><geometObjs Name="FRESH_Stores"><geoObjTyp><GeoObjTypCd value="004" Sync="TRUE"></GeoObjTypCd></geoObjTyp><geoObjCnt Sync="TRUE">0</geoObjCnt></geometObjs><topLvl><TopoLevCd value="001" Sync="TRUE"></TopoLevCd></topLvl></VectSpatRep></spatRepInfo><mdDateSt Sync="TRUE">20221004</mdDateSt><mdChar><CharSetCd value="004" Sync="TRUE"></CharSetCd></mdChar></metadata>
